table,guests
1,"Adams, Jennifer, Anderson, Laura, Anderson, Michael, Baker, Olivia, Baker, William, Bennett, Samuel, Chen, Li, Chen, Wei"
2,"Cruz, Isabella, Davis, Jessica, Davis, Robert, Dixon, George, Edwards, George, Edwards, Susan, Foster, Benjamin, Foster, Emily"
3,"Flores, Sofia, Garcia, Jose, Garcia, Maria, Gomez, Miguel, Harris, Charles, Harris, Linda, Ito, Akari, Ito, Kenji"
4,"Henderson, Emily, Jenkins, Daniel, Johnson, Ashley, Johnson, Christopher, Kim, Joon-ho, Kim, Min-ji, Lee, Daniel, Lee, Jennifer"
5,"Kelly, Laura, Larson, Peter, Miller, Sarah, Miller, Thomas, Nguyen, Anh, Nguyen, Bao, Olson, David, Olson, Rebecca"
6,"Morgan, Chloe, Nakamura, Hiroshi, Patel, Pooja, Patel, Sanjay, Quinn, Patrick, Quinn, Patricia, Rodriguez, Mateo, Rodriguez, Sofia"
7,"Ortiz, Gabriela, Parker, Michael, Smith, David, Smith, Emma, Taylor, Hannah, Taylor, Matthew, Upton, Mark, Upton, Victoria"
8,"Rivera, Elena, Schmidt, Anna, Valdez, Isabella, Valdez, Juan, White, Jessica, White, Mark, Xu, Lei, Xu, Mei"
9,"Brown, Brenda, Brown, Edward, Thomas, William, Vega, Carlos, Young, Kevin, Young, Tiffany, Zimmerman, Amy, Zimmerman, Paul"
10,"Clark, Nancy, Clark, Steven, Diaz, Elena, Diaz, Ricardo, Evans, Brian, Evans, Deborah, Ward, Sarah, Xiong, Pao"
11,"Fisher, Barbara, Fisher, Kevin, Green, Jeffrey, Green, Sharon, Hall, Donna, Hall, Kenneth, Yee, Michelle, Zhu, Wei"
12,"Cole, Ryan, Fox, Olivia, Jackson, Carol, Jackson, Ronald, King, Larry, King, Sandra, Lopez, Frank, Lopez, Pamela"
13,"Grant, Nicholas, Howard, Sophia, Martinez, Betty, Martinez, Michael Jr., Moore, Elizabeth, Moore, Gary, Nelson, Donald, Nelson, Mary"
14,"Ivy, Arthur, Jones, Natalie, Perez, Evelyn, Perez, Robert Jr., Ramirez, Dorothy, Ramirez, Joseph, Scott, Dennis, Scott, Marilyn"
15,"Klein, David, Lane, Grace, Turner, Christine, Turner, Eric, Washington, Gregory, Washington, Janet, Wright, Shirley, Wright, Walter"
